{
  "stock_price": 1.002238660696905,
  "bond_price": 1.0001940240589833,
  "commodity_price": 0.9909326424870467,
  "volatility_price": 0.9811015118790496
}