{
  "stock_price": 1.0022948938611589,
  "bond_price": 1.0,
  "commodity_price": 0.9909975315812402,
  "volatility_price": 0.9811015118790496
}